/*
	Script to insert data on the Tables from the Databases Project

	Pedro Abreu & João Gameiro
*/

/*	EMPRESAS DE CATERING	*/
INSERT INTO EM.EMPRESACATERING 
VALUES (100000012, 'MealsRus', 'mlr@gmail.com', 351236228556, 'Porto, Amarante, R. do Dr. José de Azeredo Perdigão 4');

INSERT INTO EM.EMPRESACATERING 
VALUES (123000112, 'Comes&Bebes', 'cb@gmail.com', 351236228456, 'Porto, Baixo, R. Carlos Azevedo Nº 54');

INSERT INTO EM.EMPRESACATERING 
VALUES (100540212, 'MiliEventos', 'meventos@gmail.com', 351236333556, 'Aveiro, Avenida Santa Joana, Nº 49');

INSERT INTO EM.EMPRESACATERING 
VALUES (101200312, 'MyCatering', 'mc@hotmail.com', 351236222555, 'Aveiro, Avenida Carlos Peixoto, Nº 84'); 

INSERT INTO EM.EMPRESACATERING 
VALUES (103120412, 'Food4You', 'f4y@hotmail.com', 351236223553, 'Leiria, Pombal, R. Albergaria dos Doze Nº 14');

INSERT INTO EM.EMPRESACATERING 
VALUES (100355512, 'CateringAveiro', 'caveiro@gmail.com', 351236233533, 'Aveiro, Avenida Lourenço Peixinho, Nº 24');

INSERT INTO EM.EMPRESACATERING 
VALUES (100011612, 'MealsFromLisbon', 'mfl@gmail.com', 351236111533, 'Lisboa, Cascais, Avenida Alberto Caeiro, Nº 12');

INSERT INTO EM.EMPRESACATERING 
VALUES (100132712, 'Eventos Silva', 'esilva@gmail.com', 35123666533, 'Leiria, Rua Dr. Marco Alves, Nº 35');

INSERT INTO EM.EMPRESACATERING 
VALUES (100455812, 'MyEvents', 'me@gmail.com', 351236233555, 'Aveiro, Anadia, Rua da Escola, Nº 12');

INSERT INTO EM.EMPRESACATERING 
VALUES (101234912, 'OliveiraCatering', 'ocateging@gmail.com', 351236222233, 'Viseu, Oliveira de Frades , Avenida Alexandre Paxeco, Nº 24'); 

SELECT * FROM EM.EMPRESACATERING;

/*	PROMOTORES	*/
INSERT INTO EM.PROMOTOR VALUES (10120012, 'Álvaro Covões', 'ac@gmail.com', 351921195315);

INSERT INTO EM.PROMOTOR VALUES (20330304, 'Carlos Aguiar', 'aguiar@gmail.com', 351921115365);

INSERT INTO EM.PROMOTOR VALUES (10220022, 'Ana Alves', 'alves@gmail.com', 351921195522);

INSERT INTO EM.PROMOTOR VALUES (01020333, 'Joana Pacheco', 'joana1234@gmail.com', 351965591311);

INSERT INTO EM.PROMOTOR VALUES (00114444, 'Cláudio Aveiro', 'ca12@gmail.com', 351922299315);

INSERT INTO EM.PROMOTOR VALUES (01231110, 'Sara Rocha', 'rocha@gmail.com', 351921155515);

INSERT INTO EM.PROMOTOR VALUES (04545450, 'Alfredo Silva', 'asilva@gmail.com', 351921195333);

INSERT INTO EM.PROMOTOR VALUES (11545451, 'Cátia Lourenço', 'asilva@gmail.com', 351961111333);

INSERT INTO EM.PROMOTOR VALUES (01532400, 'Paulo Alves', 'pa789@gmail.com', NULL);

INSERT INTO EM.PROMOTOR VALUES (04200120, 'Lucas Abreu', 'abreu@gmail.com', 351923405333);

INSERT INTO EM.PROMOTOR VALUES (01134000, 'Alfredo Silva', 'asilva@gmail.com', 351929951115);

INSERT INTO EM.PROMOTOR VALUES (01102001, 'Luísa Alves', 'luisaalves@gmail.com', 351923451115);

INSERT INTO EM.PROMOTOR VALUES (01552001, 'Fernando Alvim', NULL, 351923451115);

INSERT INTO EM.PROMOTOR VALUES (31034010, 'Cândida Almeida', 'calmeida@hotmail.com', 351929953333);

INSERT INTO EM.PROMOTOR VALUES (11110000, 'Mariana Almeida', 'asilva@gmail.com', 351965551115);

INSERT INTO EM.PROMOTOR VALUES (01234050, 'Ricardo Costa', 'rcosta2008@hotmail.com', 351923352215);

INSERT INTO EM.PROMOTOR VALUES (02134022, 'Henrique Gameiro', 'henriquem.gam@hotmail.com', 351963359915);

INSERT INTO EM.PROMOTOR VALUES (32130011, 'Miguel Azevedo', 'ma19@gmail.com', 351961153315);

INSERT INTO EM.PROMOTOR VALUES (32330002, 'Martim Vazconcellos', 'mv@gmail.com', 351912113315);

INSERT INTO EM.PROMOTOR VALUES (22303412, 'Jorje Nuno', 'jn10@gmail.com', 351942313215);

SELECT * FROM EM.PROMOTOR;

/*  STAGE MANAGERS  */

INSERT INTO EM.STAGEMANAGER VALUES (02113011, 'Tiago Martins', 'tm@gmail.com', 351963333915);

INSERT INTO EM.STAGEMANAGER VALUES (11113011, 'Carolina Simões', 'cs@gmail.com', 351923343111);

INSERT INTO EM.STAGEMANAGER VALUES (12003011, 'Andreia Pereira', 'andreia.pereira@gmail.com', 351925656395);

INSERT INTO EM.STAGEMANAGER VALUES (32113211, 'Mara Simões', 'mara2020@gmail.com', 351913333915);

INSERT INTO EM.STAGEMANAGER VALUES (27124021, 'Pedro Neves', 'pn752@gmail.com', 351963388315);

INSERT INTO EM.STAGEMANAGER VALUES (77023011, 'Daniel Gomes', 'gomedaniel@gmail.com', 351951133415);

INSERT INTO EM.STAGEMANAGER VALUES (21121011, 'Marco Gonçalves', 'msg@gmail.com', 351922340015);

INSERT INTO EM.STAGEMANAGER VALUES (33101021, 'André Lopes', NULL, 351920342015);

INSERT INTO EM.STAGEMANAGER VALUES (42131011, 'Roberto Martins', 'rmartins@gmail.com', 351953332415);

INSERT INTO EM.STAGEMANAGER VALUES (55513001, 'José Costa', 'jc.scp@gmail.com', 351953312915);

INSERT INTO EM.STAGEMANAGER VALUES (77103010, 'Joaquim Gameiro', 'jg.452@gmail.com', 351960030015);

INSERT INTO EM.STAGEMANAGER VALUES (12100010, 'Anabela Neves', 'tm@gmail.com', 351953322945);

INSERT INTO EM.STAGEMANAGER VALUES (21204011, 'Maria Carvalho', 'mcr@gmail.com', NULL);

INSERT INTO EM.STAGEMANAGER VALUES (12333051, 'Joana Simões', 'js@gmail.com', 351960136615);

INSERT INTO EM.STAGEMANAGER VALUES (22000011, 'Rodrigo Marques', 'rm.fcp@hotmail.com', 351920134415);

INSERT INTO EM.STAGEMANAGER VALUES (32030311, 'Marcelo Azevedo', 'ma2052@hotmail.com', 351910233315);

INSERT INTO EM.STAGEMANAGER VALUES (32032541, 'Carmo Ventura', 'cv@hotmail.com', 351920203010);

INSERT INTO EM.STAGEMANAGER VALUES (22032242, 'José Luís', 'js.scp@hotmail.com', 351911103110);

INSERT INTO EM.STAGEMANAGER VALUES (12012141, 'Bruno Carvalho', 'bdc@gmail.com', 353931402120);

INSERT INTO EM.STAGEMANAGER VALUES (32435255, 'Joana Gameiro', 'jsg789@gmail.com', 351912203212);

SELECT * FROM EM.STAGEMANAGER;

/*  EVENTOS */
INSERT INTO EM.EVENTO
VALUES(1, 'RockFest', 2, '2018-06-01', '2018-06-02', 1500, 00114444, '2017-12-01', 32032541);

INSERT INTO EM.EVENTO
VALUES(2, 'GoodJazz Festival', 5, '2019-04-01', '2019-04-05', 2500, 10120012, '2018-11-01', 22000011);

INSERT INTO EM.EVENTO
VALUES(3, 'Rap Summer Fest', 3, '2019-06-01', '2019-06-03', 2700, 11545451, '2018-11-09', 12333051);

INSERT INTO EM.EVENTO
VALUES(4, 'Xutos&Pontapés 20Anos', 1, '2019-05-02', '2019-05-02', 1000, 04545450, '2019-01-02', 22000011);

INSERT INTO EM.EVENTO
VALUES(5, 'MetalWeek', 5, '2020-05-01', '2020-05-05', 3000, 01231110, '2019-11-02', 32030311);

INSERT INTO EM.EVENTO
VALUES(6, 'Orquestra Sinfónica de Chicago', 1, '2020-06-05', '2020-06-05', 1200, 02134022, '2020-01-01', 12100010);

INSERT INTO EM.EVENTO
VALUES(7, 'Feira da Música', 4, '2021-01-30', '2021-02-02', 900, 11110000, '2020-11-11', 42131011);

INSERT INTO EM.EVENTO
VALUES(8, 'NOS Cool Music', 2, '2020-08-01', '2020-08-02', 1900, 04200120, '2020-02-01', 12333051);

INSERT INTO EM.EVENTO
VALUES(9, 'Blues Night', 1, '2018-04-07', '2018-04-07', 3000, 20330304, '2018-01-01', 55513001);

INSERT INTO EM.EVENTO
VALUES(10, 'Música Portuguesa', 3, '2019-05-01', '2019-05-03', 1500, 02134022, '2019-01-30', 32032541);

INSERT INTO EM.EVENTO
VALUES(11, 'Foo Fighters Live1', 1, '2021-06-01', '2021-06-01', 4000, 11545451, '2020-01-01', 22032242);

INSERT INTO EM.EVENTO
VALUES(12, 'Pop Culture Fest', 2, '2019-02-02', '2019-02-03', 5000, 01134000, '2018-10-01', 55513001);

INSERT INTO EM.EVENTO
VALUES(13, 'Foo Fighters Live2', 1, '2021-09-02', '2021-09-02', 4000, 31034010, '2021-01-02', 21204011);

INSERT INTO EM.EVENTO
VALUES(14, 'IndieGente', 3, '2022-05-02', '2022-05-04', 800, 01134000, '2021-01-02', 21121011);

INSERT INTO EM.EVENTO
VALUES(15, 'FadoFest', 4, '2019-05-01', '2019-05-04', 500, 22303412, '2019-01-02', 32113211);

INSERT INTO EM.EVENTO
VALUES(16, 'HarcoreMetalNight', 1, '2019-08-01', '2019-08-01', 500, 22303412, '2019-05-02', 12012141);

INSERT INTO EM.EVENTO
VALUES(17, 'Hanz Zimmer Live', 1, '2019-08-02', '2019-08-02', 500, 10220022, '2019-05-03', 12100010);

INSERT INTO EM.EVENTO
VALUES(18, 'Festa Pimba', 2, '2020-03-02', '2020-03-03', 100, 32330002, '2019-05-03', 21204011);

INSERT INTO EM.EVENTO
VALUES(19, '90s', 2, '2021-03-02', '2021-03-03', 800,  22303412, '2020-10-03', 12003011);

INSERT INTO EM.EVENTO
VALUES(20, '80s Pop week', 5, '2022-03-02', '2022-03-03', 800,  10220022, '2021-10-03', 33101021);

SELECT * FROM EM.EVENTO;

/*  BANDAS  */
INSERT INTO EM.BANDA
VALUES('ff', 'Foo Fighters', 142555501002, 'ff@hotmail.com', 6, 'Rock');

INSERT INTO EM.BANDA
VALUES('cc', 'Calvin Connors Band', 142525304502, 'ccband@gmail.com', 4, 'Pop');

INSERT INTO EM.BANDA
VALUES('es', 'Ed Sheeran', 142500304300, 'eds@gmail.com', 1, 'Pop');

INSERT INTO EM.BANDA
VALUES('osdc', 'Orquestra Sinfónica de Chicago', 142511104110, 'osdc@gmail.com', 10, 'Clássico');

INSERT INTO EM.BANDA
VALUES('bnz', 'Benzi', 351920100010, 'benzi@gamil.com', 1, 'Rap');

INSERT INTO EM.BANDA
VALUES('mm', 'Minem', 351920100010, 'nm25@gmail.com', 1, 'Rap');

INSERT INTO EM.BANDA
VALUES('tbk', 'The Black Keys', 142520100010, 'tbk@gmail.com', 2, 'Blues Rock');

INSERT INTO EM.BANDA
VALUES('xp', 'Xutos & Pontapés', 351920102310, 'xp1999@gmail.com', 4, 'Rock');

INSERT INTO EM.BANDA
VALUES('on', 'Orelha Negra', 351962657150, 'on87@hotmail', 5, 'Rap');

INSERT INTO EM.BANDA
VALUES('spn', '(s)Pain', 351928865113, 'pain1000@gmail.com', 3, 'Punk');

INSERT INTO EM.BANDA
VALUES('gd', 'Green Day', 142525005113, 'gd1039@gmail.com', 3, 'Punk');

INSERT INTO EM.BANDA
VALUES('pbld', 'Royal Blood', 142525505213, 'pbld@gmail.com', 2, 'Metal');

INSERT INTO EM.BANDA
VALUES('lm', 'Luís Miguel', 351925055213, 'pizzimusic@hotmail.com', 1, 'Pop');

INSERT INTO EM.BANDA
VALUES('ma', 'Miguel Araújo', 351926665213, 'pizzimusic@hotmail.com', 1, 'Pop');

INSERT INTO EM.BANDA
VALUES('cr', 'Comme Restus', 351920005003, 'eat@hotmail.com', 5, 'Metal');

INSERT INTO EM.BANDA
VALUES('jw', 'Jack White', 142522335233, 'jw@hotmail.com', 1, 'Blues Rock');

INSERT INTO EM.BANDA
VALUES('subs', 'Submarines in The Sky',  351960343570, 'sits@gmail.com', 3, 'Rock');

INSERT INTO EM.BANDA
VALUES('db&men', 'David Bruno & Mike El Night', 351920035233, 'inatl@gmail.com', 2, 'Rap');

INSERT INTO EM.BANDA
VALUES('slr', 'Slayer',  142520034733, 'slr@hotmail.com', 5, 'Metal');

INSERT INTO EM.BANDA
VALUES('nj', 'Norah Jones',  142520011133, 'nj10@hotmail.com', 1, 'Jazz');

INSERT INTO EM.BANDA
VALUES('cdb', 'Clive Davis Band',  142520313189, 'cdb2000@hotmail.com', 5, 'Jazz');

INSERT INTO EM.BANDA
VALUES('tba', 'The Black Angels',  142520322289, 'angels@hotmail.com', 5, 'Indie');

INSERT INTO EM.BANDA
VALUES('mmj', 'My Morning Jacket',  142500327787, 'jacket@hotmail.com', 5, 'Indie');

INSERT INTO EM.BANDA
VALUES('db', 'DeadCombo',  351920327787, 'dead10combo@hotmail.com', 2, 'Indie');

INSERT INTO EM.BANDA
VALUES('tk', 'The Kills',  142590345080, 'tkills@hotmail.com', 2, 'Indie');

INSERT INTO EM.BANDA
VALUES('rv', 'Rui Veloso',  351950242020, 'veloso@gmail.com', 1, 'Pop');

INSERT INTO EM.BANDA
VALUES('jp', 'Jorje Palma',  351920232044, 'jpalma@gmail.com', 1, 'Pop');

INSERT INTO EM.BANDA
VALUES('cpt', 'Carminho',  351910111044, 'carminho@gmail.com', 1, 'Fado');

INSERT INTO EM.BANDA
VALUES('anm', 'Ana Moura',  351923123344, 'moura@gmail.com', 1, 'Fado');

INSERT INTO EM.BANDA
VALUES('qb', 'Quim Barreiros',  351911113344, 'quim.barreiros@gmail.com', 1, 'Pimba');

INSERT INTO EM.BANDA
VALUES('toy', 'Toy',  351933133224, 'toy@gmail.com', 1, 'Pimba');

INSERT INTO EM.BANDA
VALUES('hz', 'Hanz Zimmer',  351922233224, 'hz@gmail.com', 1, 'Clássico');

INSERT INTO EM.BANDA
VALUES('ib', 'IssaBella',  351923430024, 'ib@gmail.com', 3, 'Jazz');

INSERT INTO EM.BANDA
VALUES('lb', 'Luisa Sobral',  351911233224, 'sobral@gmail.com', 1, 'Jazz');

INSERT INTO EM.BANDA
VALUES('tht', 'Toothless',  351910939724, 'toothless@gmail.com', 3, 'Metal');

INSERT INTO EM.BANDA
VALUES('gj', 'Gojira',  351910939724, 'gjr@gmail.com', 5, 'Metal');

INSERT INTO EM.BANDA
VALUES('reo', 'Reo Speedwagon',  351920222724, 'reo.speed@gmail.com', 5, 'Pop');

SELECT * FROM EM.BANDA;

/*  BANDAS  */
INSERT INTO EM.COMITIVA
VALUES('Comitivaff', 'ffcomitive@hotmail.com', 142522301102, 'ff');

INSERT INTO EM.COMITIVA
VALUES('Comitivanm', 'mouracm@hotmail.com', 351921101182, 'anm');

INSERT INTO EM.COMITIVA
VALUES('Comitivacc', 'comitiveconnors@hotmail.com', 142188081102, 'cc');

INSERT INTO EM.COMITIVA
VALUES('Comitivacdb', 'comitivecdb@hotmail.com', 142132281302, 'cdb');

INSERT INTO EM.COMITIVA
VALUES('Comitivacpt', 'carminho.comitiva@gmail.com', 351927783302, 'cpt');

INSERT INTO EM.COMITIVA
VALUES('Comitivadb', 'combo.comitiva@gmail.com', 351927182121, 'db');

INSERT INTO EM.COMITIVA
VALUES('Comitivaes', 'comitive.sheeran@hotmail.com', 142535686662, 'es');

INSERT INTO EM.COMITIVA
VALUES('Comitivagd', 'green.comitive@hotmail.com', 142525282222, 'gd');

INSERT INTO EM.COMITIVA
VALUES('Comitivajp', 'palma.comitive@hotmail.com', 351925112302, 'jp');

INSERT INTO EM.COMITIVA
VALUES('Comitivajw', 'cm.white@hotmail.com', 351933087302, 'jw');

INSERT INTO EM.COMITIVA
VALUES('Comitivama', 'araujo.comitive@hotmail.com', 351921012300, 'ma');

INSERT INTO EM.COMITIVA
VALUES('Comitivammj', 'jacket.comitive@hotmail.com', 351935332102, 'mmj');

INSERT INTO EM.COMITIVA
VALUES('Comitivanj', 'jones.comitive@hotmail.com', 142515080266, 'nj');

INSERT INTO EM.COMITIVA
VALUES('Comitivaon', 'negra.com@gmail.com', 351966316102, 'on');

INSERT INTO EM.COMITIVA
VALUES('Comitivaosdc', 'chicago.comitive@gmail.com', 351911410000, 'osdc');

INSERT INTO EM.COMITIVA
VALUES('Comitivaqb', 'barreiros.comitive@gmail.com', 351926417802, 'qb');

INSERT INTO EM.COMITIVA
VALUES('Comitivarv', 'veloso.comitive@gmail.com', 351922010002, 'rv');

INSERT INTO EM.COMITIVA
VALUES('Comitivaslr', 'slayer.comitive@gmail.com', 142527232120, 'slr');

INSERT INTO EM.COMITIVA
VALUES('Comitivatba', 'angels.comitive@gmail.com', 142521212110, 'tba');

INSERT INTO EM.COMITIVA
VALUES('Comitivatbk', 'comitive.keys@gmail.com', 142527838327, 'tbk');

INSERT INTO EM.COMITIVA
VALUES('Comitivatk', 'comitive.kills@gmail.com', 142527131337, 'tk');

INSERT INTO EM.COMITIVA
VALUES('Comitivatoy', 'comitiva.toy@gmail.com', 351927001017, 'toy');

INSERT INTO EM.COMITIVA
VALUES('Comitivaxp', 'comitiva.xutos@gmail.com', 351937343447, 'xp');

INSERT INTO EM.COMITIVA
VALUES('Comitivalb', 'comitiva.sobral@gmail.com', 351937343447, 'lb');

INSERT INTO EM.COMITIVA
VALUES('Comitivagj', 'comitive.gojira@gmail.com', 351931111447, 'gj');

INSERT INTO EM.COMITIVA
VALUES('Comitivareo', 'comitive.reo@gmail.com', 351921222447, 'reo');


SELECT * FROM EM.COMITIVA;

/*	PESSOA MUSICO ACOMPANHANTE TECNICO 	*/
INSERT INTO EM.PESSOA VALUES (32133603, 'antonio@gmail.com', 'Paulo António', 'm', 'Comitivaxp'),
							 (10122303, 'americo@gmail.com', 'Américo Alves', 'm', 'Comitivaxp'),
							 (12125545, 'gomes2010@gmail.com', 'Laura Gomes', 'f', 'Comitivaxp'),
							 (32135313, 'marco2010@gmail.com', 'Marco António', 'm', 'Comitivaxp'),
							 (22135444, 'imaculada@gmail.com', 'Maria Imaculada Nogueira', 'f', 'Comitivaxp'),
							 (10136732, 'ct@gmail.com', 'Cláudio Teixeira', 'm', 'Comitivaxp');
INSERT INTO EM.TECNICO VALUES(32133603, 'Técnico de Som'),
							 (10122303, 'Técnico de Luz'),
							 (12125545, 'Técnico de Som'),
							 (32135313, 'Técnico de Som');
INSERT INTO EM.ACOMPANHANTE VALUES(22135444, 'Familiar'),
								  (10136732, 'Amigo');



INSERT INTO EM.PESSOA VALUES(90930932, 'pp@gmail.com', 'Peter Parker', 'm', 'Comitivatoy'),
							(91911911, 'af@gmail.com', 'Ana Futre', 'f', 'Comitivatoy'),
							(92922911, 'pab@gmail.com', 'Paulo A. Bartolomeu', 'm', 'Comitivatoy'),
							(92922933, 'aab@gmail.com', 'André A. Bartolomeu', 'm', 'Comitivatoy');
INSERT INTO EM.ACOMPANHANTE VALUES(90930932, 'Amigo'),
								  (91911911, 'Familiar');
INSERT INTO EM.MUSICO VALUES(92922911, 'Bartolomeu', 'toy'),
							(92922933, 'AA Bartolomeu', 'toy');



INSERT INTO EM.PESSOA VALUES(02021133, 'tm@gmail.com', 'Tony Mosshart', 'm', 'Comitivatk'),
							(12321333, 'th@gmail.com', 'Tony Hince', 'm', 'Comitivatk'),
							(42424134, 'tm@gmail.com', 'Alex Santos', 'm', 'Comitivatk'),
							(12114134, 'tm@gmail.com', 'Mary Rose', 'f', 'Comitivatk');
INSERT INTO EM.ACOMPANHANTE VALUES(02021133, 'Familiar'),
								  (12321333, 'Familiar'),
								  (42424134, 'Amigo');
INSERT INTO EM.TECNICO VALUES(12114134, 'Técnico de Som');



INSERT INTO EM.PESSOA VALUES(52524134, 'kind@gmail.com', 'Richard Kind', 'm', 'Comitivatbk'),
							(52524111, 'mcarney@gmail.com', 'Michael Carney', 'm', 'Comitivatbk'),
							(62524134, 'at2020@gmail.com', 'Antony Theron', 'm', 'Comitivatbk'),
							(72524134, 'lt2020@gmail.com', 'Louise Theron', 'm', 'Comitivatbk'),
							(78884134, 'am@gmail.com', 'Arma Louis', 'f', 'Comitivatbk'),
							(92220011, 'switft@gmail.com', 'Richard Switf', 'm', 'Comitivatbk'),
							(92220033, 'tompson@gmail.com', 'Paul Tompson', 'm', 'Comitivatbk');
INSERT INTO EM.ACOMPANHANTE VALUES(52524134, 'Amigo'),
								  (52524111, 'Familiar');
INSERT INTO EM.TECNICO VALUES(62524134, 'Técnico de Som'),
							 (72524134, 'Técnico de Guitarras'),
							 (78884134, 'Técnico de Guitarras');
INSERT INTO EM.MUSICO VALUES(92220011, 'Richard Switf', 'tbk'),
							(92220033, 'Paul Tompson', 'tbk');


INSERT INTO EM.PESSOA VALUES(33534134, 'cc2020@gmail.com', 'Carla Costa', 'f', 'Comitivatba'),
							(12111134, 'lt2020@gmail.com', 'Paulo Dias', 'm', 'Comitivatba'),
							(78114134, 'msmith@gmail.com', 'Mary Smith', 'f', 'Comitivatba');
INSERT INTO EM.TECNICO VALUES(33534134, 'Técnico de Guitarras'),
							 (78114134, 'Técnico de Luz');
INSERT INTO EM.ACOMPANHANTE VALUES(12111134, 'Familiar');



INSERT INTO EM.PESSOA VALUES(77884134, 'robbins@gmail.com', 'Tony Robbins', 'm', 'Comitivaslr'),
							(72821111, 'hal@gmail.com', 'Hal Smith', 'm', 'Comitivaslr'),
							(12421411, 'msmith@gmail.com', 'Mathew Smith', 'm', 'Comitivaslr'),
							(13421433, 'all1999@gmail.com', 'Allison Carlson Smith', 'f', 'Comitivaslr');
INSERT INTO EM.TECNICO VALUES(77884134, 'Técnico de Guitarras'),
							 (12421411, 'Técnico de Luz'),
							 (13421433, 'Técnico de Som');
INSERT INTO EM.ACOMPANHANTE VALUES(72821111, 'Familiar');



INSERT INTO EM.PESSOA VALUES(73727433, 'pv456@gmail.com', 'Paulo Veloso', 'm', 'Comitivarv'),
					        (88827433, 'amv@gmail.com', 'Alma Veloso', 'f', 'Comitivarv'),
							(18821431, 'jr@gmail.com', 'José Rodrigues', 'm', 'Comitivarv'),
							(28221431, 'al234@gmail.com', 'Isabel Alves', 'f', 'Comitivarv');
INSERT INTO EM.ACOMPANHANTE VALUES(73727433, 'Familiar'),
								  (88827433, 'Familiar');
INSERT INTO EM.TECNICO VALUES(18821431, 'Técnico de Som'),
							 (28221431, 'Técnico de Luz');



INSERT INTO EM.PESSOA VALUES(28221432, 'al232@gmail.com', 'Alice Oliveira', 'f', 'Comitivaqb'),
							(78223432, 'al234@gmail.com', 'Paulo Souza', 'm', 'Comitivaqb'),
							(24521431, 'ms23@gmail.com', 'Mariana Soares', 'f', 'Comitivaqb');
INSERT INTO EM.TECNICO VALUES(28221432, 'Técnico de Luz'),
							 (78223432, 'Técnico de Luz');
INSERT INTO EM.ACOMPANHANTE VALUES(24521431, 'Amigo');


INSERT INTO EM.PESSOA VALUES(33241432, 'mc1232@gmail.com', 'Mike Cranston', 'm', 'Comitivaosdc'),
							(12251431, 'fields@gmail.com', 'Susan Fields', 'f', 'Comitivaosdc'),
							(73511000, 'hl3@gmail.com', 'Harry Lorne', 'm', 'Comitivaosdc'),
							(22211033, 'lewisl@gmail.com', 'Lewis Fields', 'm', 'Comitivaosdc'),
							(44211033, 'mf232@gmail.com', 'Mary Fields', 'f', 'Comitivaosdc');
INSERT INTO EM.TECNICO VALUES(33241432, 'Técnico de Som'),
							 (12251431, 'Técnico de Luz'),
							 (73511000, 'Técnico de Guitarras');
INSERT INTO EM.ACOMPANHANTE VALUES(22211033, 'Amigo'),
								  (44211033, 'Familiar');



INSERT INTO EM.PESSOA VALUES(13600732, 'anibalc@gmail.com', 'Anibal Cardoso', 'm', 'Comitivaon'),
							(12601231, 'fields@gmail.com', 'Susana Augusto', 'f', 'Comitivaon'),
							(12611660, 'cardosopaulo@gmail.com', 'Paulo Cardoso', 'm', 'Comitivaon'),
							(10572223, 'andrade.marco@gmail.com', 'Marco Andrade', 'm', 'Comitivaon'),
							(22772773, 'antunes@gmail.com', 'António Antunes', 'm', 'Comitivaon'),
							(27271077, 'luisa.costa232@gmail.com', 'Luísa Costa', 'f', 'Comitivaon');
INSERT INTO EM.TECNICO VALUES(12611660, 'Técnico de Som'),
							 (10572223, 'Técnico de Luz'),
							 (22772773, 'Técnico de Guitarras');
INSERT INTO EM.ACOMPANHANTE VALUES(13600732, 'Amigo'),
								  (12601231, 'Familiar'),
								  (27271077, 'Amigo');



INSERT INTO EM.PESSOA VALUES(12622032, 'benneth45@gmail.com', 'Jonh Benneth', 'm', 'Comitivanj'),
							(92708291, 'ratherdonny@gmail.com', 'Donny Rahter', 'm', 'Comitivanj'),
							(10332260, 'murphy@gmail.com', 'Anne Murphy', 'f', 'Comitivanj'),
							(16642003, 'rose.jonnhy@gmail.com', 'Jonnhy Rose', 'm', 'Comitivanj'),
							(32300003, 'milakunis@gmail.com', 'Mila Kunis', 'f', 'Comitivanj'),
							(12301103, 'mhj@gmail.com', 'Mark Hensen Jones', 'm', 'Comitivanj');
INSERT INTO EM.TECNICO VALUES(12622032, 'Técnico de Som'),
							 (10332260, 'Técnico de Luz'),
							 (92708291, 'Técnico de Som');
INSERT INTO EM.ACOMPANHANTE VALUES(16642003, 'Amigo'),
								  (32300003, 'Amigo');
INSERT INTO EM.MUSICO VALUES(12301103, 'Mark Jones', 'nj');



INSERT INTO EM.PESSOA VALUES(13623033, 'stan.smith@gmail.com', 'Stan Smith', 'm', 'Comitivammj'),
							(77708222, 'alice456@gmail.com', 'Alice Cantrell', 'm', 'Comitivammj'),
							(16316660, 'f.smith@gmail.com', 'Francine Smith', 'f', 'Comitivammj'),
							(96122405, 'tony.h@gmail.com', 'Tony Hawkins', 'm', 'Comitivammj'),
							(72300000, 'louise.michaels@gmail.com', 'Louise Michaels', 'f', 'Comitivammj');
INSERT INTO EM.TECNICO VALUES(77708222, 'Técnico de Som'),
							 (96122405, 'Técnico de Luz'),
							 (72300000, 'Técnico de Som');
INSERT INTO EM.ACOMPANHANTE VALUES(13623033, 'Amigo'),
								  (16316660, 'Amigo');


								  
INSERT INTO EM.PESSOA VALUES(24623033, 'gameiro.joana@gmail.com', 'Joana Gameiro', 'f', 'Comitivama'),
							(66708266, 'soares.alex@gmail.com', 'Alexandre Soares', 'm', 'Comitivama'),
							(13336161, 'marquesmariana@gmail.com', 'Mariana Marques', 'f', 'Comitivama'),
							(76180005, 'jss1205@gmail.com', 'José Santos Silva', 'm', 'Comitivama'),
							(72333300, 'costa453@gmail.com', 'Martim Costa', 'm', 'Comitivama');
INSERT INTO EM.TECNICO VALUES(13336161, 'Técnico de Som'),
							 (76180005, 'Técnico de Luz'),
							 (72333300, 'Técnico de Som');
INSERT INTO EM.ACOMPANHANTE VALUES(24623033, 'Amigo'),
								  (66708266, 'Familiar');



INSERT INTO EM.PESSOA VALUES(99923033, 'azar.drummer@gmail.com', 'Carla Azar', 'f', 'Comitivajw'),
							(66238266, 'soares.alex@gmail.com', 'Meg White', 'f', 'Comitivajw'),
							(11136551, 'marquesmariana@gmail.com', 'Jimmy Fallon', 'm', 'Comitivajw'),
							(06155505, 'jss1205@gmail.com', 'Paul Tomphson', 'm', 'Comitivajw'),
							(02111301, 'costa453@gmail.com', 'Lois Griffin', 'f', 'Comitivajw');
INSERT INTO EM.TECNICO VALUES(99923033, 'Técnico de Som'),
							 (06155505, 'Técnico de Luz'),
							 (02111301, 'Técnico de Som');
INSERT INTO EM.ACOMPANHANTE VALUES(66238266, 'Familiar'),
								  (11136551, 'Amigo');



INSERT INTO EM.PESSOA VALUES(70007433, 'pv456@gmail.com', 'Carlos Palma', 'm', 'Comitivajp'),
					        (80227433, 'ap456@gmail.com', 'Artur Palma', 'm', 'Comitivajp'),
							(18111400, 'th.mar@gmail.com', 'Thiago Martins', 'm', 'Comitivajp'),
							(20000431, 'al234@gmail.com', 'Isabel Alves', 'f', 'Comitivajp');
INSERT INTO EM.ACOMPANHANTE VALUES(70007433, 'Familiar'),
								  (80227433, 'Familiar');
INSERT INTO EM.TECNICO VALUES(18111400, 'Técnico de Som'),
							 (20000431, 'Técnico de Luz');



INSERT INTO EM.PESSOA VALUES(70608436, 'cavallo456@gmail.com', 'Rob Cavallo', 'm', 'Comitivagd'),
					        (80527506, 'addrianne@gmail.com', 'Adrianne Armstrong', 'f', 'Comitivagd'),
							(28220000, 'tim.armstrong@gmail.com', 'Tim Armstrong', 'm', 'Comitivagd'),
							(26620431, 'dirnt.isabel@gmail.com', 'Isabel Dirnt', 'f', 'Comitivagd'),
							(20700771, 'lewis.2050@gmail.com', 'Mike Lewis', 'm', 'Comitivagd'),
							(90220431, 'cohen.4789@gmail.com', 'Rob Cohen', 'm', 'Comitivagd'),
							(80807712, 'freeze.jason@gmail.com', 'Jason Freeze', 'm', 'Comitivagd');
INSERT INTO EM.ACOMPANHANTE VALUES(80527506, 'Familiar'),
								  (28220000, 'Familiar'),
								  (26620431, 'Familiar');
INSERT INTO EM.TECNICO VALUES(70608436, 'Técnico de Som'),
							 (20700771, 'Técnico de Luz'),
							 (90220431, 'Técnico de Guitarras');
INSERT INTO EM.MUSICO VALUES(80807712, 'Jason Freeze', 'gd');


INSERT INTO EM.PESSOA VALUES(10648434, 'ellie.789@gmail.com', 'Ellie Sheeran', 'f', 'Comitivaes'),
					        (19110306, 'harrington.123@gmail.com', 'Hal Harrington', 'm', 'Comitivaes'),
							(77720000, 'gold.jennie@gmail.com', 'Jennie Gold', 'm', 'Comitivaes'),
							(46444431, 'ricky.spanish@gmail.com', 'Ricky Spanish', 'm', 'Comitivaes');
INSERT INTO EM.ACOMPANHANTE VALUES(10648434, 'Familiar'),
								  (19110306, 'Amigo');
INSERT INTO EM.TECNICO VALUES(77720000, 'Técnico de Som'),
							 (46444431, 'Técnico de Luz');



INSERT INTO EM.PESSOA VALUES(21060004, 'palmeirim@gmail.com', 'Vasco Palmeirim', 'm', 'Comitivadb'),
					        (11110006, 'gomes.patricia@gmail.com', 'Patricia Gomes', 'f', 'Comitivadb'),
							(07620330, 'pimpao@gmail.com', 'João Pimpão', 'm', 'Comitivadb'),
							(84644561, 'lisboa.123@gmail.com', 'José Lisboa', 'm', 'Comitivadb');
INSERT INTO EM.ACOMPANHANTE VALUES(84644561, 'Familiar'),
								  (07620330, 'Amigo');
INSERT INTO EM.TECNICO VALUES(11110006, 'Técnico de Som'),
							 (21060004, 'Técnico de Luz');



INSERT INTO EM.PESSOA VALUES(21300334, 'ponte.maria@gmail.com', 'Maria Ponte', 'f', 'Comitivacpt'),
					        (13310336, 'pires.123@gmail.com', 'Fábio Pires', 'f', 'Comitivacpt'),
							(17600440, 'ferreira.123@gmail.com', 'Hinácio Ferreira', 'm', 'Comitivacpt'),
							(04600561, 'mendes.francisco@gmail.com', 'Francisco Mendes', 'm', 'Comitivacpt');
INSERT INTO EM.ACOMPANHANTE VALUES(04600561, 'Familiar'),
								  (21300334, 'Amigo');
INSERT INTO EM.TECNICO VALUES(17600440, 'Técnico de Som'),
							 (13310336, 'Técnico de Luz');



INSERT INTO EM.PESSOA VALUES (39149996, 'connors.mary@gmail.com', 'Mary Connors', 'f', 'Comitivacc'),
							 (08818124, 'carlsberg@gmail.com', 'Carl Carlsberg', 'm', 'Comitivacc'),
							 (77607375, 'prince.stuar@gmail.com', 'Stuart Prince', 'm', 'Comitivacc'),
							 (55145513, 'phill.dunphy@gmail.com', 'Phill Dunphy', 'm', 'Comitivacc'),
							 (22230001, 'luke.dunphy@gmail.com', 'Luke Dunphy', 'm', 'Comitivacc');
INSERT INTO EM.TECNICO VALUES(08818124, 'Técnico de Som'),
							 (55145513, 'Técnico de Luz'),
							 (22230001, 'Técnico de Som');
INSERT INTO EM.ACOMPANHANTE VALUES(77607375, 'Amigo'),
								  (39149996, 'Familiar');



INSERT INTO EM.PESSOA VALUES (19119911, 'davies.elizabeth@gmail.com', 'Elizabeth Davies', 'f', 'Comitivacdb'),
							 (38313134, 'oliver.jonh@gmail.com', 'Jonh Oliver', 'm', 'Comitivacdb'),
							 (75657555, 'mclaren@gmail.com', 'Michelle Mclaren', 'f', 'Comitivacdb'),
							 (55818583, 'hayley.smith@gmail.com', 'Hayley Smith', 'f', 'Comitivacdb'),
							 (22290999, 'donovan@gmail.com', 'Mike Donovan', 'm', 'Comitivacdb');
INSERT INTO EM.TECNICO VALUES(38313134, 'Técnico de Som'),
							 (75657555, 'Técnico de Luz'),
							 (22290999, 'Técnico de Som');
INSERT INTO EM.ACOMPANHANTE VALUES(55818583, 'Amigo'),
								  (19119911, 'Familiar');



INSERT INTO EM.PESSOA VALUES (37140566, 'pp@gmail.com', 'Pedro Pedrosa', 'm', 'Comitivanm'),
							 (00111124, 'alenquer@gmail.com', 'Catarina Alenquer', 'f', 'Comitivanm'),
							 (54606305, 'lina7895@gmail.com', 'Lina Almeida', 'f', 'Comitivanm'),
							 (43147413, 'f.santos@gmail.com', 'Filipa Santos', 'f', 'Comitivanm'),
							 (61131141, 'horacio@gmail.com', 'Horácio Costa', 'm', 'Comitivanm');
INSERT INTO EM.TECNICO VALUES(61131141, 'Técnico de Som'),
							 (54606305, 'Técnico de Luz'),
							 (37140566, 'Técnico de Som');
INSERT INTO EM.ACOMPANHANTE VALUES(43147413, 'Amigo'),
								  (00111124, 'Familiar');



INSERT INTO EM.PESSOA VALUES (07100703, 'griffin.dale@gmail.com', 'Dale Griffin', 'm', 'Comitivaff'),
							 (20122224, 'vig.butch@gmail.com', 'Butch Vig', 'm', 'Comitivaff'),
							 (44124005, 'kurstin@gmail.com', 'Greg Kurstin', 'm', 'Comitivaff'),
							 (02167313, 'violet@gmail.com', 'Violet Grohl', 'f', 'Comitivaff'),
							 (62135744, 'rick.hawk@gmail.com', 'Rick Hawkins', 'm', 'Comitivaff'),
							 (10446732, 'm.smear@gmail.com', 'Mary Smear', 'f', 'Comitivaff');
INSERT INTO EM.TECNICO VALUES(07100703, 'Técnico de Som'),
							 (20122224, 'Técnico de Luz'),
							 (44124005, 'Técnico de Som');
INSERT INTO EM.ACOMPANHANTE VALUES(02167313, 'Familiar'),
								  (62135744, 'Familiar'),
								  (10446732, 'Familiar');



INSERT INTO EM.PESSOA VALUES (07122733, 'sobral.salvador@gmail.com', 'Salvador Sobral', 'm', 'Comitivalb'),
							 (20123334, 'andrade.artur@gmail.com', 'Artur Andrade', 'm', 'Comitivalb'),
							 (50556732, 'm.matias@gmail.com', 'Mariana Matias', 'f', 'Comitivalb'),
							 (10111732, 'reamos@gmail.com', 'Sara Ramos', 'f', 'Comitivalb');
INSERT INTO EM.TECNICO VALUES(20123334, 'Técnico de Som'),
							 (50556732, 'Técnico de Luz');
INSERT INTO EM.ACOMPANHANTE VALUES(07122733, 'Familiar');
INSERT INTO EM.MUSICO VALUES(10111732, 'Sara Ramos', 'lb');


INSERT INTO EM.PESSOA VALUES (00166733, 'matthew.lewis@gmail.com', 'Matthew Lewis', 'm', 'Comitivagj'),
							 (20122234, 'susan.silver@gmail.com', 'Susan Silver', 'f', 'Comitivagj'),
							 (80588732, 'stan.r@gmail.com', 'Stan Reynolds', 'm', 'Comitivagj');
INSERT INTO EM.TECNICO VALUES(20122234, 'Técnico de Som'),
							 (80588732, 'Técnico de Luz');
INSERT INTO EM.ACOMPANHANTE VALUES(00166733, 'Amigo');



INSERT INTO EM.PESSOA VALUES (02122233, 'robert.lewis@gmail.com', 'Robert Lewis', 'm', 'Comitivareo'),
							 (24433234, 'marty.silver@gmail.com', 'Marty Silver', 'f', 'Comitivareo');
INSERT INTO EM.TECNICO VALUES(02122233, 'Técnico de Som'),
							 (24433234, 'Técnico de Luz');

SELECT * FROM EM.PESSOA;
SELECT * FROM EM.TECNICO;
SELECT * FROM EM.ACOMPANHANTE;
SELECT * FROM EM.MUSICO;

/*	REFEICAO	*/
INSERT INTO EM.REFEICAO VALUES(0, 20, 100000012, 'Carne', 'Gelado', 'Agua'),
							  (1, 20, 100000012, 'Peixe', 'Bolo de Chocolate', 'Agua'),
							  (2, 20, 100000012, 'Vegetariano', 'Fruta', 'Vinho Verde');

INSERT INTO EM.REFEICAO VALUES(3, 19, 100011612, 'Carne', 'Bolo de Mel', 'Agua'),
							  (4, 19, 100011612, 'Peixe', 'Gelado', 'Vinho Branco'),
							  (5, 18, 100011612, 'Vegetariano', 'Pudim', 'Vinho Verde');

INSERT INTO EM.REFEICAO VALUES(6, 18, 100132712, 'Carne', 'Salada de Fruta', 'Agua'),
							  (7, 17, 100132712, 'Peixe', 'Gelado', 'Vinho Branco'),
							  (8, 16, 100132712, 'Vegetariano', 'Fruta', 'Vinho Verde');

INSERT INTO EM.REFEICAO VALUES(9, 15, 100355512, 'Carne', 'Semi-Frio', 'Agua'),
							  (10, 14, 100355512, 'Peixe', 'Bolo de Ananás', 'Agua'),
							  (11, 13, 100355512, 'Vegetariano', 'Fruta', 'Sumo de Laranja');

INSERT INTO EM.REFEICAO VALUES(12, 13, 100455812, 'Carne', 'Salada de Fruta', 'Agua'),
							  (13, 12, 100540212, 'Carne', 'Arroz Doce', 'Refrigerantes'),
							  (14, 12, 101200312, 'Carne', 'Fruta', 'Sumo de Laranja');

INSERT INTO EM.REFEICAO VALUES(15, 11, 101234912, 'Carne', 'Salada de Fruta', 'Agua'),
							  (16, 10, 101234912, 'Vegetariano', 'Bolo de Ananás', 'Refrigerantes'),
							  (17, 9, 101234912, 'Vegan', 'Bolo de Chocolate', 'Vinho Branco');

INSERT INTO EM.REFEICAO VALUES(18, 8, 100000012, 'Carne', 'Bolo de Iogurte', 'Agua'),
							  (19, 7, 100011612, 'Carne', 'Fruta', 'Vinho Verde'),
							  (20, 5, 100455812, 'Peixe', 'Bolo de Chocolate', 'Vinho Branco');

INSERT INTO EM.REFEICAO VALUES(21, 3, 101200312, 'Carne', 'Salada de Fruta', 'Agua'),
							  (22, 2, 101234912, 'Vegetariano', 'Bolo de Ananás', 'Refrigerantes'),
							  (23, 1, 103120412, 'Vegan', 'Bolo de Chocolate', 'Vinho Branco');

SELECT * FROM EM.REFEICAO;						

/*	CONCERTO SOUNDCHECK	*/
INSERT INTO EM.SOUNDCHECK VALUES(1, '00:30','2021-06-01 11:00:00');
INSERT INTO EM.CONCERTO VALUES(1, '2021-06-01 21:00:00', '03:00', 'ff', 11, 1);

INSERT INTO EM.SOUNDCHECK VALUES(2, '00:30','2021-09-02 10:00:00');
INSERT INTO EM.CONCERTO VALUES(2, '2021-09-02 21:00:00', '03:00', 'ff', 13, 2);

INSERT INTO EM.SOUNDCHECK VALUES(3, '00:20','2019-05-02 10:00:00');
INSERT INTO EM.CONCERTO VALUES(3, '2021-09-02 22:00:00', '01:00', 'xp', 4, 3);

INSERT INTO EM.SOUNDCHECK VALUES(4, '00:40','2019-08-02 09:00:00');
INSERT INTO EM.CONCERTO VALUES(4, '2019-08-02 20:00:00', '01:00', 'hz', 17, 4);

INSERT INTO EM.SOUNDCHECK VALUES(5, '00:50','2020-06-05 08:00:00');
INSERT INTO EM.CONCERTO VALUES(5, '2020-06-05 21:00:00', '02:00', 'osdc', 6, 5);


INSERT INTO EM.SOUNDCHECK VALUES(6, '00:30','2018-06-01 09:00:00');
INSERT INTO EM.CONCERTO VALUES(6, '2018-06-01 19:00:00', '02:00', 'ff', 1, 6);

INSERT INTO EM.SOUNDCHECK VALUES(7, '00:30','2018-06-01 09:30:00');
INSERT INTO EM.CONCERTO VALUES(7, '2018-06-01 21:30:00', '02:00', 'gd', 1, 7);

INSERT INTO EM.SOUNDCHECK VALUES(8, '00:30','2018-06-02 09:00:00');
INSERT INTO EM.CONCERTO VALUES(8, '2018-06-02 19:00:00', '02:00', 'subs', 1, 8);

INSERT INTO EM.SOUNDCHECK VALUES(9, '00:30','2018-06-02 09:30:00');
INSERT INTO EM.CONCERTO VALUES(9, '2018-06-02 21:30:00', '02:00', 'xp', 1, 9);



INSERT INTO EM.SOUNDCHECK VALUES(10, '00:30','2019-04-01 08:00:00');
INSERT INTO EM.CONCERTO VALUES(10, '2019-04-01 21:00:00', '01:00', 'nj', 2, 10);

INSERT INTO EM.SOUNDCHECK VALUES(11, '00:30','2019-04-02 08:00:00');
INSERT INTO EM.CONCERTO VALUES(11, '2019-04-02 21:00:00', '01:00', 'cdb', 2, 11);

INSERT INTO EM.SOUNDCHECK VALUES(12, '00:30','2019-04-03 08:00:00');
INSERT INTO EM.CONCERTO VALUES(12, '2019-04-03 21:00:00', '01:00', 'db', 2, 12);

INSERT INTO EM.SOUNDCHECK VALUES(13, '00:30','2019-04-04 08:00:00');
INSERT INTO EM.CONCERTO VALUES(13, '2019-04-04 21:00:00', '01:00', 'ib', 2, 13);

INSERT INTO EM.SOUNDCHECK VALUES(14, '00:30','2019-04-05 08:00:00');
INSERT INTO EM.CONCERTO VALUES(14, '2019-04-05 21:00:00', '01:00', 'lb', 2, 14);



INSERT INTO EM.SOUNDCHECK VALUES(15, '00:20','2019-06-01 15:00:00');
INSERT INTO EM.CONCERTO VALUES(15, '2019-06-01 22:00:00', '01:00', 'bnz', 3, 15);

INSERT INTO EM.SOUNDCHECK VALUES(16, '00:20','2019-06-02 15:00:00');
INSERT INTO EM.CONCERTO VALUES(16, '2019-06-02 22:00:00', '01:00', 'db&men', 3, 16);

INSERT INTO EM.SOUNDCHECK VALUES(17, '00:20','2019-06-03 15:00:00');
INSERT INTO EM.CONCERTO VALUES(17, '2019-06-03 22:00:00', '01:00', 'mm', 3, 17);



INSERT INTO EM.SOUNDCHECK VALUES(18, '00:40','2020-05-01 10:00:00');
INSERT INTO EM.CONCERTO VALUES(18, '2020-05-01 23:00:00', '02:00', 'cr', 5, 18);

INSERT INTO EM.SOUNDCHECK VALUES(19, '00:40','2020-05-02 10:00:00');
INSERT INTO EM.CONCERTO VALUES(19, '2020-05-02 23:00:00', '02:00', 'pbld', 5, 19);

INSERT INTO EM.SOUNDCHECK VALUES(20, '00:40','2020-05-03 10:00:00');
INSERT INTO EM.CONCERTO VALUES(20, '2020-05-03 23:00:00', '02:00', 'slr', 5, 20);

INSERT INTO EM.SOUNDCHECK VALUES(21, '00:40','2020-05-04 10:00:00');
INSERT INTO EM.CONCERTO VALUES(21, '2020-05-04 23:00:00', '02:00', 'tht', 5, 21);

INSERT INTO EM.SOUNDCHECK VALUES(22, '00:40','2020-05-05 10:00:00');
INSERT INTO EM.CONCERTO VALUES(22, '2020-05-05 23:00:00', '02:00', 'gj', 5, 22);



INSERT INTO EM.SOUNDCHECK VALUES(23, '00:30','2021-01-30 11:00:00');
INSERT INTO EM.CONCERTO VALUES(23, '2020-01-30 21:00:00', '02:00', 'rv', 7, 23);

INSERT INTO EM.SOUNDCHECK VALUES(24, '00:30','2021-01-31 11:00:00');
INSERT INTO EM.CONCERTO VALUES(24, '2020-01-31 21:00:00', '02:00', 'cpt', 7, 24);

INSERT INTO EM.SOUNDCHECK VALUES(25, '00:30','2021-02-01 11:00:00');
INSERT INTO EM.CONCERTO VALUES(25, '2020-02-01 21:00:00', '02:00', 'db', 7, 25);

INSERT INTO EM.SOUNDCHECK VALUES(26, '00:30','2021-02-02 11:00:00');
INSERT INTO EM.CONCERTO VALUES(26, '2020-02-02 21:00:00', '02:00', 'jp', 7, 26);



INSERT INTO EM.SOUNDCHECK VALUES(27, '00:25','2020-08-01 11:00:00');
INSERT INTO EM.CONCERTO VALUES(27, '2020-08-01 22:00:00', '02:00', 'toy', 8, 27);

INSERT INTO EM.SOUNDCHECK VALUES(28, '00:25','2020-08-02 11:00:00');
INSERT INTO EM.CONCERTO VALUES(28, '2020-08-02 22:00:00', '02:00', 'xp', 8, 28);



INSERT INTO EM.SOUNDCHECK VALUES(29, '00:25','2020-08-01 10:30:00');
INSERT INTO EM.CONCERTO VALUES(29, '2020-08-01 20:00:00', '02:00', 'tbk', 9, 29);

INSERT INTO EM.SOUNDCHECK VALUES(30, '00:25','2020-08-02 11:00:00');
INSERT INTO EM.CONCERTO VALUES(30, '2018-08-01 22:00:00', '02:00', 'jw', 9, 30);



INSERT INTO EM.SOUNDCHECK VALUES(31, '00:20','2019-05-01 10:00:00');
INSERT INTO EM.CONCERTO VALUES(31, '2019-05-01 20:00:00', '02:00', 'rv', 10, 30);

INSERT INTO EM.SOUNDCHECK VALUES(32, '00:20','2019-05-02 10:00:00');
INSERT INTO EM.CONCERTO VALUES(32, '2019-05-02 20:00:00', '02:00', 'on', 10, 32);

INSERT INTO EM.SOUNDCHECK VALUES(33, '00:20','2019-05-03 10:00:00');
INSERT INTO EM.CONCERTO VALUES(33, '2019-05-03 20:00:00', '02:00', 'anm', 10, 33);



INSERT INTO EM.SOUNDCHECK VALUES(34, '00:25','2019-02-02 10:00:00');
INSERT INTO EM.CONCERTO VALUES(34, '2019-02-02 20:00:00', '02:00', 'es', 12, 34);

INSERT INTO EM.SOUNDCHECK VALUES(35, '00:25','2019-02-03 10:00:00');
INSERT INTO EM.CONCERTO VALUES(35, '2019-02-03 20:00:00', '02:00', 'cc', 12, 35);



INSERT INTO EM.SOUNDCHECK VALUES(36, '00:30','2022-05-02 10:00:00');
INSERT INTO EM.CONCERTO VALUES(36, '2022-05-02 20:00:00', '02:00', 'mmj', 14, 36);

INSERT INTO EM.SOUNDCHECK VALUES(37, '00:30','2022-05-03 10:00:00');
INSERT INTO EM.CONCERTO VALUES(37, '2022-05-03 20:00:00', '02:00', 'tba', 14, 37);

INSERT INTO EM.SOUNDCHECK VALUES(38, '00:30','2022-05-04 10:00:00');
INSERT INTO EM.CONCERTO VALUES(38, '2022-05-04 20:00:00', '02:00', 'tk', 14, 38);



INSERT INTO EM.SOUNDCHECK VALUES(39, '00:30','2019-05-01 10:00:00');
INSERT INTO EM.CONCERTO VALUES(39, '2019-05-01 20:00:00', '02:00', 'anm', 15, 39);

INSERT INTO EM.SOUNDCHECK VALUES(40, '00:30','2019-05-02 10:00:00');
INSERT INTO EM.CONCERTO VALUES(40, '2019-05-02 20:00:00', '02:00', 'cpt', 15, 40);

INSERT INTO EM.SOUNDCHECK VALUES(41, '00:30','2019-05-03 10:00:00');
INSERT INTO EM.CONCERTO VALUES(41, '2019-05-03 20:00:00', '02:00', 'anm', 15, 41);

INSERT INTO EM.SOUNDCHECK VALUES(42, '00:30','2019-05-04 10:00:00');
INSERT INTO EM.CONCERTO VALUES(42, '2019-05-04 20:00:00', '02:00', 'cpt', 15, 42);



INSERT INTO EM.SOUNDCHECK VALUES(43, '00:30','2019-08-01 10:00:00');
INSERT INTO EM.CONCERTO VALUES(43, '2019-08-01 19:45:00', '02:00', 'slr', 16, 43);

INSERT INTO EM.SOUNDCHECK VALUES(44, '00:30','2019-08-01 10:30:00');
INSERT INTO EM.CONCERTO VALUES(44, '2019-08-01 22:25:00', '02:00', 'gj', 16, 44);



INSERT INTO EM.SOUNDCHECK VALUES(45, '00:30','2020-03-02 10:30:00');
INSERT INTO EM.CONCERTO VALUES(45, '2020-03-02 22:00:00', '03:00', 'qb', 18, 45);

INSERT INTO EM.SOUNDCHECK VALUES(46, '00:30','2020-03-03 10:30:00');
INSERT INTO EM.CONCERTO VALUES(46, '2020-03-03 22:00:00', '02:00', 'toy', 18, 46);



INSERT INTO EM.SOUNDCHECK VALUES(47, '00:30','2021-03-02 10:00:00');
INSERT INTO EM.CONCERTO VALUES(47, '2020-03-02 22:00:00', '02:00', 'gd', 19, 47);

INSERT INTO EM.SOUNDCHECK VALUES(48, '00:30','2021-03-03 10:00:00');
INSERT INTO EM.CONCERTO VALUES(48, '2021-03-03 22:00:00', '02:00', 'ff', 19, 48);



INSERT INTO EM.SOUNDCHECK VALUES(49, '00:30','2022-03-02 10:00:00');
INSERT INTO EM.CONCERTO VALUES(49, '2022-03-02 22:00:00', '02:00', 'reo', 20, 49);


SELECT * FROM EM.SOUNDCHECK;
SELECT * FROM EM.CONCERTO;

/*	MUSICOS (membros de bandas não parte de comitivas)	*/
INSERT INTO EM.PESSOA VALUES(00222432, NULL, 'Ana Moura Peireira', 'f', NULL);
INSERT INTO EM.MUSICO VALUES(00222432, 'Ana Moura', 'anm');

INSERT INTO EM.PESSOA VALUES(11120032, NULL, 'Rafael Benzinho', 'm', NULL);
INSERT INTO EM.MUSICO VALUES(11120032, 'Benzi', 'bnz');


INSERT INTO EM.PESSOA VALUES(22020032, 'csc@gmail.com', 'Calvin Stuart Connors', 'm', NULL);
INSERT INTO EM.MUSICO VALUES(22020032, 'Calvin Connors', 'cc');

INSERT INTO EM.PESSOA VALUES(22121566, 'mconnors@gmail.com', 'Mary Connors', 'f', NULL);
INSERT INTO EM.MUSICO VALUES(22121566, 'Mary Connors', 'cc');

INSERT INTO EM.PESSOA VALUES(12144566, 'gstuart@gmail.com', 'Gary Stuart', 'm', NULL);
INSERT INTO EM.MUSICO VALUES(12144566, 'Gary Stuart', 'cc');

INSERT INTO EM.PESSOA VALUES(12133566, 'paul.davis@gmail.com', 'Paul Davis', 'm', NULL);
INSERT INTO EM.MUSICO VALUES(12133566, 'Paul Davis', 'cc');


INSERT INTO EM.PESSOA VALUES(2003766, 'clive.davis@gmail.com', 'Clive Davis', 'm', NULL);
INSERT INTO EM.MUSICO VALUES(2003766, 'Clive Davis', 'cdb');

INSERT INTO EM.PESSOA VALUES(1023766, 't.stone@gmail.com', 'Tony Stone', 'm', NULL);
INSERT INTO EM.MUSICO VALUES(1023766, 'T-Stone', 'cdb');

INSERT INTO EM.PESSOA VALUES(1223465, 'mls@gmail.com', 'Mary Lewis Stone', 'f', NULL);
INSERT INTO EM.MUSICO VALUES(1223465, 'ML-Stone', 'cdb');

INSERT INTO EM.PESSOA VALUES(1621166, 'm.rupert@gmail.com', 'Mark Rupert', 'm', NULL);
INSERT INTO EM.MUSICO VALUES(1621166, 'Mark Rupert', 'cdb');

INSERT INTO EM.PESSOA VALUES(12234566, 't.lewis@hotmail.com', 'Tommy Lewis', 'm', NULL);
INSERT INTO EM.MUSICO VALUES(12234566, 'T-Tommy', 'cdb');


INSERT INTO EM.PESSOA VALUES(12122032, 'gosmo@gmail.com', 'Manuel Tomás', 'm', NULL);
INSERT INTO EM.MUSICO VALUES(12122032, 'Gosmo', 'cr');

INSERT INTO EM.PESSOA VALUES(12722737, 'tortulho@gmail.com', 'João Carlos', 'm', NULL);
INSERT INTO EM.MUSICO VALUES(12722737, 'Jonh Tortulho', 'cr');

INSERT INTO EM.PESSOA VALUES(32322332, 'galhao@gmail.com', 'Artur Fonseca', 'm', NULL);
INSERT INTO EM.MUSICO VALUES(32322332, 'Dr Fonseca Galhao', 'cr');

INSERT INTO EM.PESSOA VALUES(77772732, 'las@gmail.com', 'Luís Andrade Fonseca', 'm', NULL);
INSERT INTO EM.MUSICO VALUES(77772732, 'Homem Sugo', 'cr');

INSERT INTO EM.PESSOA VALUES(66166032, 'mfonseca@gmail.com', 'Marco Fonseca', 'm', NULL);
INSERT INTO EM.MUSICO VALUES(66166032, 'Maxado El Rosa', 'cr');


INSERT INTO EM.PESSOA VALUES(06146042, 'pgc@gmail.com', 'Pedro Gonçalves', 'm', NULL);
INSERT INTO EM.MUSICO VALUES(06146042, 'Pedro Gonçalves', 'db');

INSERT INTO EM.PESSOA VALUES(86148048, 'totrips@gmail.com', 'Marco Artur Gonçalves', 'm', NULL);
INSERT INTO EM.MUSICO VALUES(86148048, 'Tó Trips', 'db');


INSERT INTO EM.PESSOA VALUES(22146042, 'ml@gmail.com', 'Miguel Luz', 'm', NULL);
INSERT INTO EM.MUSICO VALUES(22146042, 'Mike El Night', 'db&men');

INSERT INTO EM.PESSOA VALUES(36156542, 'bruno.david@gmail.com', 'David Bruno', 'm', NULL);
INSERT INTO EM.MUSICO VALUES(36156542, 'David Bruno', 'db&men');


INSERT INTO EM.PESSOA VALUES(16149942, NULL, 'Edward Sheeran', 'm', NULL);
INSERT INTO EM.MUSICO VALUES(16149942, 'Ed Sheeran', 'es');


INSERT INTO EM.PESSOA VALUES(11141142, 'davegrohl@gmail.com', 'Dave Grohl', 'm', NULL);
INSERT INTO EM.MUSICO VALUES(11141142, 'Dave Grohl', 'ff');

INSERT INTO EM.PESSOA VALUES(33143142, 'hawk@gmail.com', 'Taylor Hawkins', 'm', NULL);
INSERT INTO EM.MUSICO VALUES(33143142, 'Taylor Hawkins', 'ff');

INSERT INTO EM.PESSOA VALUES(55141142, 'natemendel@gmail.com', 'Nate Mendel', 'm', NULL);
INSERT INTO EM.MUSICO VALUES(55141142, 'Nate Mendel', 'ff');

INSERT INTO EM.PESSOA VALUES(17177142, 'smearpat@gmail.com', 'Pat Smear', 'm', NULL);
INSERT INTO EM.MUSICO VALUES(17177142, 'Pat Smear', 'ff');

INSERT INTO EM.PESSOA VALUES(87187142, 'jj.ff@gmail.com', 'Jami Jaffe', 'm', NULL);
INSERT INTO EM.MUSICO VALUES(87187142, 'Jami Jaffe', 'ff');


INSERT INTO EM.PESSOA VALUES(47147442, 'bja@gmail.com', 'Billie Joe Armstrong', 'm', NULL);
INSERT INTO EM.MUSICO VALUES(47147442, 'Billie Joe Armstrong', 'gd');

INSERT INTO EM.PESSOA VALUES(87177882, 'dirnt.mike@gmail.com', 'Mike Dirnt', 'm', NULL);
INSERT INTO EM.MUSICO VALUES(87177882, 'Mike Dirnt', 'gd');

INSERT INTO EM.PESSOA VALUES(13337142, 'smearpat@gmail.com', 'Frank Edwin Wright', 'm', NULL);
INSERT INTO EM.MUSICO VALUES(13337142, 'Tre Cool', 'gd');


INSERT INTO EM.PESSOA VALUES(18337128, 'candreu@gmail.com', 'Christian Andreu', 'm', NULL);
INSERT INTO EM.MUSICO VALUES(18337128, 'Christian Andreu', 'gj');

INSERT INTO EM.PESSOA VALUES(15535142, 'joe.dupl@gmail.com', 'Joe Duplantier', 'm', NULL);
INSERT INTO EM.MUSICO VALUES(15535142, 'Joe Duplantier', 'gj');

INSERT INTO EM.PESSOA VALUES(25535142, 'mario.dupl@gmail.com', 'Mario Duplantier', 'm', NULL);
INSERT INTO EM.MUSICO VALUES(25535142, 'Mario Duplantier', 'gj');

INSERT INTO EM.PESSOA VALUES(15665142, 'jean.michel@gmail.com', 'Jean-Michel Labadie', 'm', NULL);
INSERT INTO EM.MUSICO VALUES(15665142, 'Jean-Michel Labadie', 'gj');

INSERT INTO EM.PESSOA VALUES(15939192, 'corm@gmail.com', 'Alexandre Cormillon', 'm', NULL);
INSERT INTO EM.MUSICO VALUES(15939192, 'Alexandre Cormillon', 'gj');


INSERT INTO EM.PESSOA VALUES(12239292, NULL, 'Hans Florian Zimmer', 'm', NULL);
INSERT INTO EM.MUSICO VALUES(12239292, 'Hanz Zimmer', 'hz');


INSERT INTO EM.PESSOA VALUES(22232292, 'r.cavalheiro@hotmail.com', 'Rui Cavalheiro', 'm', NULL);
INSERT INTO EM.MUSICO VALUES(22232292, 'Ruy Cavalheiro', 'ib');

INSERT INTO EM.PESSOA VALUES(12231792, 'jl.issabella@hotmail.com', 'José Luís', 'm', NULL);
INSERT INTO EM.MUSICO VALUES(12231792, 'José Luís', 'ib');

INSERT INTO EM.PESSOA VALUES(33771792, 'andre.malheiro@hotmail.com', 'André Malheiro', 'm', NULL);
INSERT INTO EM.MUSICO VALUES(33771792, 'André Malheiro', 'ib');


INSERT INTO EM.PESSOA VALUES(13331755, NULL,'Jorje Palma', 'm', NULL);
INSERT INTO EM.MUSICO VALUES(13331755, 'Jorje Palma', 'jp');


INSERT INTO EM.PESSOA VALUES(44231492, NULL, 'John Anthony White', 'm', NULL);
INSERT INTO EM.MUSICO VALUES(44231492, 'Jack White', 'jw');


INSERT INTO EM.PESSOA VALUES(11631462, NULL, 'Luísa Sobral', 'f', NULL);
INSERT INTO EM.MUSICO VALUES(11631462, 'Luísa Sobral', 'lb');


INSERT INTO EM.PESSOA VALUES(33631362, NULL, 'Luís Miguel', 'm', NULL);
INSERT INTO EM.MUSICO VALUES(33631362, 'Luís Miguel', 'lm');


INSERT INTO EM.PESSOA VALUES(22232462, NULL, 'Miguel Araújo', 'm', NULL);
INSERT INTO EM.MUSICO VALUES(22232462, 'Miguel Araújo', 'ma');


INSERT INTO EM.PESSOA VALUES(23332462, NULL, 'Marcio Tavares', 'm', NULL);
INSERT INTO EM.MUSICO VALUES(23332462, 'Minem', 'mm');


INSERT INTO EM.PESSOA VALUES(23332111, NULL, 'Norah Jones', 'f', NULL);
INSERT INTO EM.MUSICO VALUES(23332111, 'Norah Jones', 'nj');


INSERT INTO EM.PESSOA VALUES(11551162, 'ym.yames@gmail.com', 'Jim James', 'm', NULL);
INSERT INTO EM.MUSICO VALUES(11551162, 'Jim James', 'mmj');

INSERT INTO EM.PESSOA VALUES(11222162, 'jones.tommy@gmail.com', 'Tommy Jones', 'm', NULL);
INSERT INTO EM.MUSICO VALUES(11222162, 'Two Tone Tommy', 'mmj');

INSERT INTO EM.PESSOA VALUES(11331162, 'carl.broemel@gmail.com', 'Carl Broemel', 'm', NULL);
INSERT INTO EM.MUSICO VALUES(11331162, 'Carl Broemel', 'mmj');

INSERT INTO EM.PESSOA VALUES(11331188, 'ptrk@gmail.com', 'Patrick Hallaham', 'm', NULL);
INSERT INTO EM.MUSICO VALUES(11331188, 'Patrick Hallaham', 'mmj');

INSERT INTO EM.PESSOA VALUES(11373632, 'bo.koster@gmail.com', 'Robert Koster', 'm', NULL);
INSERT INTO EM.MUSICO VALUES(11373632, 'Bo Koster', 'mmj');


INSERT INTO EM.PESSOA VALUES(15351562, 'carlos.cruz@gmail.com', 'Carlos Cruz', 'm', NULL);
INSERT INTO EM.MUSICO VALUES(15351562, 'DJ Cruzfader', 'on');

INSERT INTO EM.PESSOA VALUES(12338192, 'thekid@gmail.com', 'Samuel Antunes', 'm', NULL);
INSERT INTO EM.MUSICO VALUES(12338192, 'Sam The Kid', 'on');

INSERT INTO EM.PESSOA VALUES(71734160, 'gomes.12@gmail.com', 'João Gomes', 'm', NULL);
INSERT INTO EM.MUSICO VALUES(71734160, 'João Gomes', 'on');

INSERT INTO EM.PESSOA VALUES(78834880, 'fred12ff@gmail.com', 'Fred Ferreira', 'm', NULL);
INSERT INTO EM.MUSICO VALUES(78834880, 'Fred Ferreira', 'on');

INSERT INTO EM.PESSOA VALUES(81884160, 'f.rebelo@gmail.com', 'Francisco Rebelo', 'm', NULL);
INSERT INTO EM.MUSICO VALUES(81884160, 'Francisco Rebelo', 'on');


INSERT INTO EM.PESSOA VALUES(61736880, NULL, 'Quim Barreiros', 'm', NULL);
INSERT INTO EM.MUSICO VALUES(61736880, 'Quim Barreiros', 'qb');

INSERT INTO EM.PESSOA VALUES(61736550, NULL, 'Rui Veloso', 'm', NULL);
INSERT INTO EM.MUSICO VALUES(61736550, 'Rui Veloso', 'rv');

INSERT INTO EM.PESSOA VALUES(88800880, NULL, 'António Manuel Neves Ferrão', 'm', NULL);
INSERT INTO EM.MUSICO VALUES(88800880, 'Toy', 'toy');


INSERT INTO EM.PESSOA VALUES(84222881, 'mike.kerr@gmail.com', 'Mike Kerr', 'm', NULL);
INSERT INTO EM.MUSICO VALUES(84222881, 'Mike Kerr', 'pbld');

INSERT INTO EM.PESSOA VALUES(14212881, 'ben.tatcher@gmail.com', 'Ben Tatcher', 'm', NULL);
INSERT INTO EM.MUSICO VALUES(14212881, 'Ben Tatcher', 'pbld');


INSERT INTO EM.PESSOA VALUES(13212331, 'dan.auerbach@gmail.com', 'Dan Auerbach', 'm', NULL);
INSERT INTO EM.MUSICO VALUES(13212331, 'Dan Auerbach', 'tbk');

INSERT INTO EM.PESSOA VALUES(10210301, 'pat.carney@gmail.com', 'Patrick Carney', 'm', NULL);
INSERT INTO EM.MUSICO VALUES(10210301, 'Patick Carney', 'tbk');


INSERT INTO EM.PESSOA VALUES(16205301, 'all.kills@gmail.com', 'Allison Mosshart', 'f', NULL);
INSERT INTO EM.MUSICO VALUES(16205301, 'Allison Mosshart', 'tk');

INSERT INTO EM.PESSOA VALUES(88205301, 'jamie.kills@gmail.com', 'Jamie Hince', 'm', NULL);
INSERT INTO EM.MUSICO VALUES(88205301, 'Jamie Hince', 'tk');


INSERT INTO EM.PESSOA VALUES(30321303, 'jpcg@gmail.com', 'João Gameiro', 'm', NULL);
INSERT INTO EM.MUSICO VALUES(30321303, 'João Gameiro', 'subs');

INSERT INTO EM.PESSOA VALUES(35321223, 'job@gmail.com', 'João Job', 'm', NULL);
INSERT INTO EM.MUSICO VALUES(35321223, 'João Job', 'subs');

INSERT INTO EM.PESSOA VALUES(30551353, 'adielma@gmail.com', 'Diogo Almeida', 'm', NULL);
INSERT INTO EM.MUSICO VALUES(30551353, 'Diogo Almeida', 'subs');


INSERT INTO EM.PESSOA VALUES(30558859, 'neal@gmail.com', 'Neal Doughty', 'm', NULL);
INSERT INTO EM.MUSICO VALUES(30558859, 'Neal Douthy', 'reo');

INSERT INTO EM.PESSOA VALUES(07550359, 'grich@gmail.com', 'Gary Richrath', 'm', NULL);
INSERT INTO EM.MUSICO VALUES(07550359, 'Gary RichRath', 'reo');

INSERT INTO EM.PESSOA VALUES(48658353, 'gregg@gmail.com', 'Gregg Phillbin', 'm', NULL);
INSERT INTO EM.MUSICO VALUES(48658353, 'Gregg Phillbin', 'reo');

INSERT INTO EM.PESSOA VALUES(37757373, 'tl2500@gmail.com', 'Terry Lutrel', 'm', NULL);
INSERT INTO EM.MUSICO VALUES(37757373, 'Terry Lutrel', 'reo');

INSERT INTO EM.PESSOA VALUES(37758390, 'kcr@gmail.com', 'Kevin Cronin', 'm', NULL);
INSERT INTO EM.MUSICO VALUES(37758390, 'Kevin Cronin', 'reo');


INSERT INTO EM.PESSOA VALUES(33058090, 'kking@gmail.com', 'Kerry King', 'm', NULL);
INSERT INTO EM.MUSICO VALUES(33058090, 'Kerry King', 'slr');

INSERT INTO EM.PESSOA VALUES(00656390, 'ayara@gmail.com', 'Tom Araya', 'm', NULL);
INSERT INTO EM.MUSICO VALUES(00656390, 'Tom Araya', 'slr');

INSERT INTO EM.PESSOA VALUES(11456390, 'hot.gary@gmail.com', 'Gary Holt', 'm', NULL);
INSERT INTO EM.MUSICO VALUES(11456390, 'Gary Holt', 'slr');

INSERT INTO EM.PESSOA VALUES(00657790, 'davelombardo@gmail.com', 'Dave Lombardo', 'm', NULL);
INSERT INTO EM.MUSICO VALUES(00657790, 'Dave Lombardo', 'slr');

INSERT INTO EM.PESSOA VALUES(02656391, 'dette@gmail.com', 'Jon Dette', 'm', NULL);
INSERT INTO EM.MUSICO VALUES(02656391, 'Jon Dette', 'slr'); 


INSERT INTO EM.PESSOA VALUES(02336391, 'kingharry@gmail.com', 'Harry Stuart Lewis', 'm', NULL);
INSERT INTO EM.MUSICO VALUES(02336391, 'KingHarry', 'spn'); 

INSERT INTO EM.PESSOA VALUES(02436581, 'swango.nikki@gmail.com', 'Mary Elizabeth Winstead', 'f', NULL);
INSERT INTO EM.MUSICO VALUES(02436581, 'Nikki Swango', 'spn'); 

INSERT INTO EM.PESSOA VALUES(02446398, 'marc.foster@gmail.com', 'Marc Foster', 'm', NULL);
INSERT INTO EM.MUSICO VALUES(02446398, 'Marc Foster', 'spn'); 


INSERT INTO EM.PESSOA VALUES(01306491, 'ryan.nate@gmail.com', 'Nate Ryan', 'm', NULL);
INSERT INTO EM.MUSICO VALUES(01306491, 'Nate Ryan', 'tba');

INSERT INTO EM.PESSOA VALUES(12307391, 'steph@gmail.com', 'Stephanie Bailey', 'f', NULL);
INSERT INTO EM.MUSICO VALUES(12307391, 'Stephanie Bailey', 'tba');

INSERT INTO EM.PESSOA VALUES(33333391, 'hunt.kyle@gmail.com', 'Kyle Hunt', 'm', NULL);
INSERT INTO EM.MUSICO VALUES(33333391, 'Kyle Hunt', 'tba'); 

INSERT INTO EM.PESSOA VALUES(33134391, 'alx.maas@gmail.com', 'Alex Maas', 'm', NULL);
INSERT INTO EM.MUSICO VALUES(33134391, 'Alex Maas', 'tba'); 

INSERT INTO EM.PESSOA VALUES(34435391, 'bland@gmail.com', 'Christian Bland', 'm', NULL);
INSERT INTO EM.MUSICO VALUES(34435391, 'Christian Bland', 'tba'); 


INSERT INTO EM.PESSOA VALUES(14131851, 'd.antunes@gmail.com', 'Diogo Antunes', 'm', NULL);
INSERT INTO EM.MUSICO VALUES(14131851, 'Diogo Antunes', 'tht'); 

INSERT INTO EM.PESSOA VALUES(32235391, 'mauro.pereira@gmail.com', 'Mauro Pereira', 'm', NULL);
INSERT INTO EM.MUSICO VALUES(32235391, 'Mauro Pereira', 'tht'); 

INSERT INTO EM.PESSOA VALUES(38835881, 'vitor.pereira@gmail.com', 'Vitor Pereira', 'm', NULL);
INSERT INTO EM.MUSICO VALUES(38835881, 'Vitor Pereira', 'tht'); 


INSERT INTO EM.PESSOA VALUES(11215391, 'tim@gmail.com', 'António Manuel', 'm', NULL);
INSERT INTO EM.MUSICO VALUES(11215391, 'Tim', 'xp'); 

INSERT INTO EM.PESSOA VALUES(18218398, 'cabeleira@gmail.com', 'João Cabeleira', 'm', NULL);
INSERT INTO EM.MUSICO VALUES(18218398, 'João Cabeleira', 'xp'); 

INSERT INTO EM.PESSOA VALUES(86615391, 'kalu@gmail.com', 'Carlos Eduardo ', 'm', NULL);
INSERT INTO EM.MUSICO VALUES(86615391, 'Kalu', 'xp'); 

INSERT INTO EM.PESSOA VALUES(86688398, 'gui@gmail.com', 'Guilherme Cabral ', 'm', NULL);
INSERT INTO EM.MUSICO VALUES(86688398, 'Gui', 'xp'); 


INSERT INTO EM.PESSOA VALUES(81645391, 'mc.osdc@gmail.com', 'Mary Carlson', 'f', NULL);
INSERT INTO EM.MUSICO VALUES(81645391, 'Mary Carlson', 'osdc'); 

INSERT INTO EM.PESSOA VALUES(16615191, NULL, 'Peter Edwards ', 'm', NULL);
INSERT INTO EM.MUSICO VALUES(16615191, 'Peter Edwards', 'osdc'); 

INSERT INTO EM.PESSOA VALUES(18185391, NULL, 'Candy Start ', 'f', NULL);
INSERT INTO EM.MUSICO VALUES(18185391, 'Candy Start', 'osdc'); 

INSERT INTO EM.PESSOA VALUES(98900301, NULL, 'Marianne Lewis ', 'f', NULL);
INSERT INTO EM.MUSICO VALUES(98900301, 'Marianne Lewis', 'osdc'); 

INSERT INTO EM.PESSOA VALUES(18445491, NULL, 'Anthony Alexander', 'm', NULL);
INSERT INTO EM.MUSICO VALUES(18445491, 'Alexander', 'osdc'); 

INSERT INTO EM.PESSOA VALUES(11645391, 'banks.osdc@gmail.com', 'Cody Banks', 'm', NULL);
INSERT INTO EM.MUSICO VALUES(11645391, 'Cody Banks', 'osdc'); 

INSERT INTO EM.PESSOA VALUES(88675891, 'arielwinter@gmail.com', 'Ariel Winter', 'f', NULL);
INSERT INTO EM.MUSICO VALUES(88675891, 'Ariel WInter', 'osdc'); 

INSERT INTO EM.PESSOA VALUES(48145391, 'nola.gould@gmail.com', 'Nolan Gould ', 'm', NULL);
INSERT INTO EM.MUSICO VALUES(48145391, 'Nolan Gould', 'osdc'); 

INSERT INTO EM.PESSOA VALUES(98910201, NULL, 'Patrick Dempsey', 'm', NULL);
INSERT INTO EM.MUSICO VALUES(98910201, 'Patrick Dempsey', 'osdc'); 

INSERT INTO EM.PESSOA VALUES(18666491, NULL, 'Arthur Hobbs', 'm', NULL);
INSERT INTO EM.MUSICO VALUES(18666491, 'Arthur Hobbs', 'osdc'); 


SELECT * FROM EM.BANDA; 
SELECT * FROM EM.MUSICO;


/*	INSTRUMENTOS	*/
INSERT INTO EM.INSTRUMENTO VALUES(1, 'Fender',	'Stratocaster-369', 10111732, 'Cordas'),
								 (2, 'Ludwig', 'Ludwig Drumset-456', 10210301, 'Percussão'),
								 (3, 'Fender', 'Precision Bass-456', 1023766, 'Cordas'),
								 (4, 'Gibson', 'Trini Lopez Standard ES-335', 11141142, 'Cordas'),
								 (5, 'Gibson', 'Trini Lopez Standard ES-335', 11141142, 'Cordas'),
								 (6, 'Fender', 'Precision Bass-456', 11215391, 'Cordas'),
								 (7, 'Gretsch', 'Bass Series 789', 11222162, 'Cordas'),
								 (8, 'Gibson', 'Les Paul Series 700', 11331162, 'Cordas'),
								 (9, 'Gibson', 'Hollowbody ES-365', 11331162, 'Cordas'),
								 (10, 'Tama', 'Tama Drums 750', 11331188, 'Percussão'),
								 (11, 'Yamaha', '1975 Sound Keyboard', 11331188, 'Teclas'),
								 (12, 'Gibson', 'Flying V', 11456390, 'Cordas'),
								 (13, 'Gibson', 'Flying V', 11551162, 'Cordas'),
								 (14, 'Gibson', 'Hollowbody ES-365', 11331162, 'Cordas'),
								 (15, 'Taylor', 'Acoustic v789', 11631462, 'Cordas'),
								 (16, 'Cecilio', 'CCO-100', 11645391, 'Cordas'),
								 (17, 'Guild', 'F-20 ', 12122032, 'Cordas'),
								 (18, 'Yahamaha', 'Keyboard 456 ', 12133566, 'Teclas'),
								 (19, 'Yahamaha', 'Acoustic Serie 6 ', 12144566, 'Cordas'),
								 (20, 'Fender', 'Stratocaster White Model ', 12231792, 'Cordas'),
								 (21, 'Getzen', 'Trumpet 590S-S',12234566, 'Sopro'),
								 (22, 'Ibanez', 'SR375EF-BBT 5string freteless bass',1223465, 'Cordas'),
								 (23, 'Tama', 'Tama Drums 750', 12301103, 'Percussão'),
								 (24, 'Yamaha', '187 Drums', 12307391, 'Percussão'),
								 (25, 'Ibanez', 'ADSA bass', 12722737, 'Cordas'),
								 (26, 'Gibson', 'L-5 CES', 1306491, 'Cordas'),
								 (27, 'Guild', 'S-200 Thunderbird Electric Guitar',13212331, 'Cordas'),
								 (28, 'Harmony', 'H78 Electric Guitar', 13212331, 'Cordas'), 
								 (29, 'Yamaha', 'Electric-Acoustic 458-ESC Guitar', 13331755, 'Cordas'),
								 (30, 'SJC', 'Custom 78 drumset', 13337142, 'Percussão'),
								 (31, 'Gibson', 'White Line Les Paul', 14131851, 'Cordas'),
								 (32, 'Gretsch', 'Renown Maple Drumset', 14212881, 'Percussão'),
								 (33, 'Pioneer', 'DJ DJ-400', 15351562, 'Teclas'),
								 (34, 'San Dimas', 'SIGNATURE PRO-MOD', 15535142, 'Cordas'),
								 (35, 'Fender', 'Precision Bass-456', 15665142, 'Cordas'),
								 (36, 'Fender', 'Precision Bass-456', 15939192, 'Cordas'),
								 (37, 'Martin', 'LX', 16149942, 'Cordas'),
								 (38, 'Ibanez', 'AS200', 1621166, 'Cordas'),
								 (39, 'Miraphone', 'ER564 Tuba', 16615191, 'Sopro'),
								 (40, 'Hagström', 'ES365', 17177142, 'Cordas'),
								 (41, 'Yamaha', 'YFL 372 B-Stock Flaut', 18185391, 'Sopro'),
								 (42, 'Washburn', 'EC-29 Spitfire', 18218398, 'Cordas'),
								 (43, 'Gibson', 'Flying V Spitfire', 18337128, 'Cordas'),
								 (44, 'Fender', 'Precision Bass-456', 18445491, 'Cordas'),
								 (45, 'Bösendorfer', '45678ES-Piano', 18666491, 'Teclas'),
								 (46, 'Pearl', '8ES-DrumSet', 22121566, 'Percussão'),
								 (47, 'Fender', 'EESS-Bass', 22232292, 'Cordas'),
								 (48, 'AS', 'AS-Cavaquinho', 22232462, 'Cordas'),
								 (49, 'Fender', 'Statocaster Classic', 22232462, 'Cordas'),
								 (50, 'Fender', 'Mustang Electric', 23332111, 'Cordas'),
								 (51, 'Fender', 'Mustang Electric', 2336391, 'Cordas'),
								 (52, 'Fender', 'Precision Bass-456', 2436581, 'Cordas'),
								 (53, 'Ludwig', 'FTT-789', 2446398, 'Percussão'),
								 (54, 'Tama', 'Tama Drums 750', 25535142, 'Percussão'),
								 (55, 'Tama', 'Tama Drums 750', 2656391, 'Percussão'),
								 (56, 'Pearl', 'ERT-Drums 4645', 30321303, 'Percussão'),
								 (57, 'Epiphone', 'Les-paul Special ii', 30551353, 'Cordas'),
								 (58, 'Yamaha', 'EWS-keyboard ii', 30558859, 'Teclas'),
								 (59, 'Pearl', 'ERT-Drums 4645', 32235391, 'Percussão'),
								 (60, 'Ibanez', 'AS200', 33058090, 'Cordas'),
								 (61, 'Gretsch', 'THL-789 Drums', 33143142, 'Percussão'),
								 (62, 'Fender', 'Jaguar-7894', 33333391, 'Cordas'),
								 (63, 'Yamaha', 'ASD Dum set', 33771792, 'Percussão'),
								 (64, 'Fender', 'Jaguar-7894', 34435391, 'Cordas'),
								 (65, 'Fender', 'Precision Bass-456', 35321223, 'Cordas'),
								 (66, 'Yamaha', 'EWS-keyboard ii', 37758390, 'Cordas'),
								 (67, 'Gretsch', 'Series ii basses', 38835881, 'Cordas'),
								 (68, 'Valco', '1964 Montgomery Ward JB Hutto Airline', 44231492, 'Cordas'),
								 (69, 'Fender', 'Statocaster', 47147442, 'Cordas'),
								 (70, 'Tama', 'SAAA drumset', 48658353, 'Percussão'),
								 (71, 'Fender', 'Precision Bass-456', 55141142, 'Cordas'),
								 (72, 'Cecilio', 'CDB-W', 6146042, 'Cordas'),
								 (73, 'Gretsch', 'G2622-P90', 61736550, 'Cordas'),
								 (74, 'Hohner', 'Compadre GCF black', 61736880, 'Teclas'),
								 (75, 'Ibanez', 'SR305E', 656390, 'Cordas'),
								 (76, 'Tama', 'Double kick, 324stf', 657790, 'Percussão'),
								 (77, 'Fender', 'Statocaster', 66166032, 'Cordas'),
								 (78, 'Pioneer', 'DJ DJ-400', 71734160, 'Teclas'),
								 (79, 'Gibson', 'Les Paul Classic', 7550359, 'Cordas'),
								 (80, 'Tama', 'SAAA drumset', 78834880, 'Percussão'),
								 (81, 'Yamaha', 'YAS-280', 80807712, 'Sopro'),
								 (82, 'Yamaha', 'YAS-280', 81645391, 'Sopro'),
								 (83, 'Fender','Supersonic 60', 84222881, 'Cordas'),
								 (84, 'Epiphone','ESS 2360', 86148048, 'Cordas'),
								 (85, 'Pearl','RoadShow Studio', 86615391, 'Percussão'),
								 (86, 'Yamaha', 'YAS-280', 86688398, 'Sopro'),
								 (87, 'Fender', 'Squier Paranormal Bass', 87177882, 'Cordas'),
								 (88, 'Moog Grandmother', '32-Key Semi-Modular', 87187142, 'Teclas'),
								 (89, 'Höfner', '176 Galaxie Sunburstr', 88205301, 'Cordas'),
								 (90, 'Yamaha', 'Electric-Acoustic 458-ESC Guitar', 88800880, 'Cordas'),
								 (91, 'Fender', 'Telecaster', 92220011, 'Cordas'),
								 (92, 'Fender', 'Squier Paranormal Bass', 92220033, 'Cordas'),
								 (93, 'Pearl','RoadShow Studio', 92922911, 'Percussão'),
								 (94, 'Ibanez','456 EST Bass', 92922933, 'Cordas'),
								 (95, 'Cecilio', 'CDB-W ', 98900301, 'Cordas'),
								 (96, 'GRACE', 'Student Natural Upright Double Bass ', 98910201, 'Cordas');

SELECT * FROM EM.MUSICO;
SELECT * FROM EM.INSTRUMENTO;





